<?xml version="1.0" encoding="utf-8"?>
<extension type="module" version="4.0" client="administrator" method="upgrade">
	<name>mod_topmenu</name>
	<author>Joomla! Project</author>
	<creationDate>March 2006</creationDate>
	<copyright>Copyright (C) 2005 - 2019 Open Source Matters. All rights reserved.</copyright>
	<license>GNU General Public License version 2 or later; see LICENSE.txt</license>
	<authorEmail>admin@joomla.org</authorEmail>
	<authorUrl>www.joomla.org</authorUrl>
	<version>4.0.0</version>
	<description>MOD_TOPMENU_XML_DESCRIPTION</description>
	<namespace>Joomla\Module\Topmenu</namespace>
	<files>
		<filename module="mod_topmenu">mod_topmenu.php</filename>
		<filename>mod_topmenu.xml</filename>
		<folder>Topmenu</folder>
		<folder>language</folder>
		<folder>tmpl</folder>
	</files>
	<languages>
		<language tag="en-GB">language/en-GB/en-GB.mod_topmenu.ini</language>
		<language tag="en-GB">language/en-GB/en-GB.mod_topmenu.sys.ini</language>
	</languages>
	<help key="JHELP_EXTENSIONS_MODULE_MANAGER_ADMIN_MENU" />
	<config>
		<fields name="params">
			<fieldset name="basic" addfieldprefix="Joomla\Component\Menus\Administrator\Field">
				<field
					name="menutype"
					type="menu"
					label="MOD_TOPMENU_FIELD_MENUTYPE_LABEL"
					clientid="1"
					>
					<option value="*">MOD_TOPMENU_FIELD_MENUTYPE_OPTION_PREDEFINED</option>
				</field>

				<field
					name="preset"
					type="menuPreset"
					label="MOD_TOPMENU_FIELD_PRESET_LABEL"
					description="MOD_TOPMENU_FIELD_PRESET_DESC"
					addfieldpath="administrator/components/com_menus/models/fields"
					showon="menutype:*"
				/>

				<field
					name="check"
					type="radio"
					label="MOD_TOPMENU_FIELD_CHECK_LABEL"
					description="MOD_TOPMENU_FIELD_CHECK_DESC"
					class="switcher"
					default="1"
					filter="integer"
					showon="menutype!:*"
					>
					<option value="0">JNO</option>
					<option value="1">JYES</option>
				</field>

				<field
					name="shownew"
					type="radio"
					label="MOD_TOPMENU_FIELD_SHOWNEW"
					class="switcher"
					default="1"
					filter="integer"
					showon="menutype:*"
					>
					<option value="0">JHIDE</option>
					<option value="1">JSHOW</option>
				</field>

				<field
					name="showhelp"
					type="radio"
					label="MOD_TOPMENU_FIELD_SHOWHELP"
					class="switcher"
					default="1"
					filter="integer"
					showon="menutype:*"
					>
					<option value="0">JHIDE</option>
					<option value="1">JSHOW</option>
				</field>

				<field
					name="forum_url"
					type="url"
					label="MOD_TOPMENU_FIELD_FORUMURL_LABEL"
					description="MOD_TOPMENU_FIELD_FORUMURL_DESC"
					filter="url"
					size="30"
					default=""
					showon="menutype:*"
					validate="url"
				/>
			</fieldset>

			<fieldset name="advanced">
				<field
					name="layout"
					type="modulelayout"
					label="JFIELD_ALT_LAYOUT_LABEL"
					class="custom-select"
				/>

				<field
					name="moduleclass_sfx"
					type="textarea"
					label="COM_MODULES_FIELD_MODULECLASS_SFX_LABEL"
					rows="3"
				/>
			</fieldset>
		</fields>
	</config>
</extension>
